indicator_id,indicator,year,value,unit,definition,source_ids
convictions_1996_2025,1996–2025年執行毒品案件裁判確定有罪人數,1996,26572,人（司法行政統計計數）,各級法院裁判確定有罪後移送檢察機關執行的人數；含施用、製造、販賣、運輸、持有等毒品罪。1998年前含肅清煙毒條例及麻醉藥品管理條例。,conv1996_2005
convictions_1996_2025,1996–2025年執行毒品案件裁判確定有罪人數,1997,32095,人（司法行政統計計數）,各級法院裁判確定有罪後移送檢察機關執行的人數；含施用、製造、販賣、運輸、持有等毒品罪。1998年前含肅清煙毒條例及麻醉藥品管理條例。,conv1996_2005
convictions_1996_2025,1996–2025年執行毒品案件裁判確定有罪人數,1998,20026,人（司法行政統計計數）,各級法院裁判確定有罪後移送檢察機關執行的人數；含施用、製造、販賣、運輸、持有等毒品罪。1998年前含肅清煙毒條例及麻醉藥品管理條例。,conv1996_2005
convictions_1996_2025,1996–2025年執行毒品案件裁判確定有罪人數,1999,8391,人（司法行政統計計數）,各級法院裁判確定有罪後移送檢察機關執行的人數；含施用、製造、販賣、運輸、持有等毒品罪。1998年前含肅清煙毒條例及麻醉藥品管理條例。,conv1996_2005
convictions_1996_2025,1996–2025年執行毒品案件裁判確定有罪人數,2000,13191,人（司法行政統計計數）,各級法院裁判確定有罪後移送檢察機關執行的人數；含施用、製造、販賣、運輸、持有等毒品罪。1998年前含肅清煙毒條例及麻醉藥品管理條例。,conv1996_2005
convictions_1996_2025,1996–2025年執行毒品案件裁判確定有罪人數,2001,13511,人（司法行政統計計數）,各級法院裁判確定有罪後移送檢察機關執行的人數；含施用、製造、販賣、運輸、持有等毒品罪。1998年前含肅清煙毒條例及麻醉藥品管理條例。,conv1996_2005
convictions_1996_2025,1996–2025年執行毒品案件裁判確定有罪人數,2002,11856,人（司法行政統計計數）,各級法院裁判確定有罪後移送檢察機關執行的人數；含施用、製造、販賣、運輸、持有等毒品罪。1998年前含肅清煙毒條例及麻醉藥品管理條例。,conv1996_2005
convictions_1996_2025,1996–2025年執行毒品案件裁判確定有罪人數,2003,12677,人（司法行政統計計數）,各級法院裁判確定有罪後移送檢察機關執行的人數；含施用、製造、販賣、運輸、持有等毒品罪。1998年前含肅清煙毒條例及麻醉藥品管理條例。,conv1996_2005
convictions_1996_2025,1996–2025年執行毒品案件裁判確定有罪人數,2004,14640,人（司法行政統計計數）,各級法院裁判確定有罪後移送檢察機關執行的人數；含施用、製造、販賣、運輸、持有等毒品罪。1998年前含肅清煙毒條例及麻醉藥品管理條例。,conv1996_2005
convictions_1996_2025,1996–2025年執行毒品案件裁判確定有罪人數,2005,22540,人（司法行政統計計數）,各級法院裁判確定有罪後移送檢察機關執行的人數；含施用、製造、販賣、運輸、持有等毒品罪。1998年前含肅清煙毒條例及麻醉藥品管理條例。,conv1996_2005
convictions_1996_2025,1996–2025年執行毒品案件裁判確定有罪人數,2006,24545,人（司法行政統計計數）,各級法院裁判確定有罪後移送檢察機關執行的人數；含施用、製造、販賣、運輸、持有等毒品罪。1998年前含肅清煙毒條例及麻醉藥品管理條例。,conv2006_2015
convictions_1996_2025,1996–2025年執行毒品案件裁判確定有罪人數,2007,27199,人（司法行政統計計數）,各級法院裁判確定有罪後移送檢察機關執行的人數；含施用、製造、販賣、運輸、持有等毒品罪。1998年前含肅清煙毒條例及麻醉藥品管理條例。,conv2006_2015
convictions_1996_2025,1996–2025年執行毒品案件裁判確定有罪人數,2008,41120,人（司法行政統計計數）,各級法院裁判確定有罪後移送檢察機關執行的人數；含施用、製造、販賣、運輸、持有等毒品罪。1998年前含肅清煙毒條例及麻醉藥品管理條例。,conv2006_2015
convictions_1996_2025,1996–2025年執行毒品案件裁判確定有罪人數,2009,36758,人（司法行政統計計數）,各級法院裁判確定有罪後移送檢察機關執行的人數；含施用、製造、販賣、運輸、持有等毒品罪。1998年前含肅清煙毒條例及麻醉藥品管理條例。,conv2006_2015
convictions_1996_2025,1996–2025年執行毒品案件裁判確定有罪人數,2010,35460,人（司法行政統計計數）,各級法院裁判確定有罪後移送檢察機關執行的人數；含施用、製造、販賣、運輸、持有等毒品罪。1998年前含肅清煙毒條例及麻醉藥品管理條例。,conv2006_2015
convictions_1996_2025,1996–2025年執行毒品案件裁判確定有罪人數,2011,36440,人（司法行政統計計數）,各級法院裁判確定有罪後移送檢察機關執行的人數；含施用、製造、販賣、運輸、持有等毒品罪。1998年前含肅清煙毒條例及麻醉藥品管理條例。,conv2006_2015
convictions_1996_2025,1996–2025年執行毒品案件裁判確定有罪人數,2012,36410,人（司法行政統計計數）,各級法院裁判確定有罪後移送檢察機關執行的人數；含施用、製造、販賣、運輸、持有等毒品罪。1998年前含肅清煙毒條例及麻醉藥品管理條例。,conv2006_2015
convictions_1996_2025,1996–2025年執行毒品案件裁判確定有罪人數,2013,36096,人（司法行政統計計數）,各級法院裁判確定有罪後移送檢察機關執行的人數；含施用、製造、販賣、運輸、持有等毒品罪。1998年前含肅清煙毒條例及麻醉藥品管理條例。,conv2006_2015
convictions_1996_2025,1996–2025年執行毒品案件裁判確定有罪人數,2014,34672,人（司法行政統計計數）,各級法院裁判確定有罪後移送檢察機關執行的人數；含施用、製造、販賣、運輸、持有等毒品罪。1998年前含肅清煙毒條例及麻醉藥品管理條例。,conv2006_2015
convictions_1996_2025,1996–2025年執行毒品案件裁判確定有罪人數,2015,35960,人（司法行政統計計數）,各級法院裁判確定有罪後移送檢察機關執行的人數；含施用、製造、販賣、運輸、持有等毒品罪。1998年前含肅清煙毒條例及麻醉藥品管理條例。,conv2006_2015
convictions_1996_2025,1996–2025年執行毒品案件裁判確定有罪人數,2016,40625,人（司法行政統計計數）,各級法院裁判確定有罪後移送檢察機關執行的人數；含施用、製造、販賣、運輸、持有等毒品罪。1998年前含肅清煙毒條例及麻醉藥品管理條例。,conv2016_2019_cprc
convictions_1996_2025,1996–2025年執行毒品案件裁判確定有罪人數,2017,43281,人（司法行政統計計數）,各級法院裁判確定有罪後移送檢察機關執行的人數；含施用、製造、販賣、運輸、持有等毒品罪。1998年前含肅清煙毒條例及麻醉藥品管理條例。,conv2016_2019_cprc
convictions_1996_2025,1996–2025年執行毒品案件裁判確定有罪人數,2018,44541,人（司法行政統計計數）,各級法院裁判確定有罪後移送檢察機關執行的人數；含施用、製造、販賣、運輸、持有等毒品罪。1998年前含肅清煙毒條例及麻醉藥品管理條例。,conv2016_2019_cprc
convictions_1996_2025,1996–2025年執行毒品案件裁判確定有罪人數,2019,42218,人（司法行政統計計數）,各級法院裁判確定有罪後移送檢察機關執行的人數；含施用、製造、販賣、運輸、持有等毒品罪。1998年前含肅清煙毒條例及麻醉藥品管理條例。,conv2016_2019_cprc
convictions_1996_2025,1996–2025年執行毒品案件裁判確定有罪人數,2020,33031,人（司法行政統計計數）,各級法院裁判確定有罪後移送檢察機關執行的人數；含施用、製造、販賣、運輸、持有等毒品罪。1998年前含肅清煙毒條例及麻醉藥品管理條例。,conv2020_moj2024dec
convictions_1996_2025,1996–2025年執行毒品案件裁判確定有罪人數,2021,12913,人（司法行政統計計數）,各級法院裁判確定有罪後移送檢察機關執行的人數；含施用、製造、販賣、運輸、持有等毒品罪。1998年前含肅清煙毒條例及麻醉藥品管理條例。,moj2024conv
convictions_1996_2025,1996–2025年執行毒品案件裁判確定有罪人數,2022,13439,人（司法行政統計計數）,各級法院裁判確定有罪後移送檢察機關執行的人數；含施用、製造、販賣、運輸、持有等毒品罪。1998年前含肅清煙毒條例及麻醉藥品管理條例。,moj2024conv
convictions_1996_2025,1996–2025年執行毒品案件裁判確定有罪人數,2023,18368,人（司法行政統計計數）,各級法院裁判確定有罪後移送檢察機關執行的人數；含施用、製造、販賣、運輸、持有等毒品罪。1998年前含肅清煙毒條例及麻醉藥品管理條例。,moj2024conv
convictions_1996_2025,1996–2025年執行毒品案件裁判確定有罪人數,2024,21870,人（司法行政統計計數）,各級法院裁判確定有罪後移送檢察機關執行的人數；含施用、製造、販賣、運輸、持有等毒品罪。1998年前含肅清煙毒條例及麻醉藥品管理條例。,moj2024conv
convictions_1996_2025,1996–2025年執行毒品案件裁判確定有罪人數,2025,18113,人（司法行政統計計數）,各級法院裁判確定有罪後移送檢察機關執行的人數；含施用、製造、販賣、運輸、持有等毒品罪。1998年前含肅清煙毒條例及麻醉藥品管理條例。,moj2025conv
police_detected_2003_2025,2003–2025年警察查獲毒品嫌疑犯,2003,28921,人（逐案計數，非年度唯一人數）,同一人不同案件可能重複計數；刑事嫌疑人包括施用以外的持有、製造、販賣、運輸等。,npa2003_2010
police_detected_2003_2025,2003–2025年警察查獲毒品嫌疑犯,2004,40136,人（逐案計數，非年度唯一人數）,同一人不同案件可能重複計數；刑事嫌疑人包括施用以外的持有、製造、販賣、運輸等。,npa2003_2010
police_detected_2003_2025,2003–2025年警察查獲毒品嫌疑犯,2005,51376,人（逐案計數，非年度唯一人數）,同一人不同案件可能重複計數；刑事嫌疑人包括施用以外的持有、製造、販賣、運輸等。,npa2003_2010
police_detected_2003_2025,2003–2025年警察查獲毒品嫌疑犯,2006,47257,人（逐案計數，非年度唯一人數）,同一人不同案件可能重複計數；刑事嫌疑人包括施用以外的持有、製造、販賣、運輸等。,npa2003_2010
police_detected_2003_2025,2003–2025年警察查獲毒品嫌疑犯,2007,53681,人（逐案計數，非年度唯一人數）,同一人不同案件可能重複計數；刑事嫌疑人包括施用以外的持有、製造、販賣、運輸等。,npa2003_2010
police_detected_2003_2025,2003–2025年警察查獲毒品嫌疑犯,2008,52762,人（逐案計數，非年度唯一人數）,同一人不同案件可能重複計數；刑事嫌疑人包括施用以外的持有、製造、販賣、運輸等。,npa2003_2010
police_detected_2003_2025,2003–2025年警察查獲毒品嫌疑犯,2009,47400,人（逐案計數，非年度唯一人數）,同一人不同案件可能重複計數；刑事嫌疑人包括施用以外的持有、製造、販賣、運輸等。,npa2003_2010
police_detected_2003_2025,2003–2025年警察查獲毒品嫌疑犯,2010,51078,人（逐案計數，非年度唯一人數）,同一人不同案件可能重複計數；刑事嫌疑人包括施用以外的持有、製造、販賣、運輸等。,npa2003_2010
police_detected_2003_2025,2003–2025年警察查獲毒品嫌疑犯,2011,48875,人（逐案計數，非年度唯一人數）,同一人不同案件可能重複計數；刑事嫌疑人包括施用以外的持有、製造、販賣、運輸等。,npa2011_2025
police_detected_2003_2025,2003–2025年警察查獲毒品嫌疑犯,2012,47043,人（逐案計數，非年度唯一人數）,同一人不同案件可能重複計數；刑事嫌疑人包括施用以外的持有、製造、販賣、運輸等。,npa2011_2025
police_detected_2003_2025,2003–2025年警察查獲毒品嫌疑犯,2013,43268,人（逐案計數，非年度唯一人數）,同一人不同案件可能重複計數；刑事嫌疑人包括施用以外的持有、製造、販賣、運輸等。,npa2011_2025
police_detected_2003_2025,2003–2025年警察查獲毒品嫌疑犯,2014,41265,人（逐案計數，非年度唯一人數）,同一人不同案件可能重複計數；刑事嫌疑人包括施用以外的持有、製造、販賣、運輸等。,npa2014_2026
police_detected_2003_2025,2003–2025年警察查獲毒品嫌疑犯,2015,53622,人（逐案計數，非年度唯一人數）,同一人不同案件可能重複計數；刑事嫌疑人包括施用以外的持有、製造、販賣、運輸等。,npa2014_2026
police_detected_2003_2025,2003–2025年警察查獲毒品嫌疑犯,2016,58707,人（逐案計數，非年度唯一人數）,同一人不同案件可能重複計數；刑事嫌疑人包括施用以外的持有、製造、販賣、運輸等。,npa2014_2026
police_detected_2003_2025,2003–2025年警察查獲毒品嫌疑犯,2017,62644,人（逐案計數，非年度唯一人數）,同一人不同案件可能重複計數；刑事嫌疑人包括施用以外的持有、製造、販賣、運輸等。,npa2014_2026
police_detected_2003_2025,2003–2025年警察查獲毒品嫌疑犯,2018,59106,人（逐案計數，非年度唯一人數）,同一人不同案件可能重複計數；刑事嫌疑人包括施用以外的持有、製造、販賣、運輸等。,npa2014_2026
police_detected_2003_2025,2003–2025年警察查獲毒品嫌疑犯,2019,49131,人（逐案計數，非年度唯一人數）,同一人不同案件可能重複計數；刑事嫌疑人包括施用以外的持有、製造、販賣、運輸等。,npa2014_2026
police_detected_2003_2025,2003–2025年警察查獲毒品嫌疑犯,2020,47779,人（逐案計數，非年度唯一人數）,同一人不同案件可能重複計數；刑事嫌疑人包括施用以外的持有、製造、販賣、運輸等。,npa2014_2026
police_detected_2003_2025,2003–2025年警察查獲毒品嫌疑犯,2021,40987,人（逐案計數，非年度唯一人數）,同一人不同案件可能重複計數；刑事嫌疑人包括施用以外的持有、製造、販賣、運輸等。,npa2014_2026
police_detected_2003_2025,2003–2025年警察查獲毒品嫌疑犯,2022,39964,人（逐案計數，非年度唯一人數）,同一人不同案件可能重複計數；刑事嫌疑人包括施用以外的持有、製造、販賣、運輸等。,npa2014_2026
police_detected_2003_2025,2003–2025年警察查獲毒品嫌疑犯,2023,38292,人（逐案計數，非年度唯一人數）,同一人不同案件可能重複計數；刑事嫌疑人包括施用以外的持有、製造、販賣、運輸等。,npa2014_2026
police_detected_2003_2025,2003–2025年警察查獲毒品嫌疑犯,2024,37854,人（逐案計數，非年度唯一人數）,同一人不同案件可能重複計數；刑事嫌疑人包括施用以外的持有、製造、販賣、運輸等。,npa2014_2026
police_detected_2003_2025,2003–2025年警察查獲毒品嫌疑犯,2025,47322,人（逐案計數，非年度唯一人數）,同一人不同案件可能重複計數；刑事嫌疑人包括施用以外的持有、製造、販賣、運輸等。,npa2014_2026
nps_related_deaths_2012_2025,2012–2025年法醫檢體檢出NPS相關死亡案件,2012,10,件,死者檢體檢出新興影響精神物質(NPS)的案件。,moj115
nps_related_deaths_2012_2025,2012–2025年法醫檢體檢出NPS相關死亡案件,2013,12,件,死者檢體檢出新興影響精神物質(NPS)的案件。,moj115
nps_related_deaths_2012_2025,2012–2025年法醫檢體檢出NPS相關死亡案件,2014,29,件,死者檢體檢出新興影響精神物質(NPS)的案件。,moj115
nps_related_deaths_2012_2025,2012–2025年法醫檢體檢出NPS相關死亡案件,2015,87,件,死者檢體檢出新興影響精神物質(NPS)的案件。,moj115
nps_related_deaths_2012_2025,2012–2025年法醫檢體檢出NPS相關死亡案件,2016,66,件,死者檢體檢出新興影響精神物質(NPS)的案件。,moj115
nps_related_deaths_2012_2025,2012–2025年法醫檢體檢出NPS相關死亡案件,2017,100,件,死者檢體檢出新興影響精神物質(NPS)的案件。,moj115
nps_related_deaths_2012_2025,2012–2025年法醫檢體檢出NPS相關死亡案件,2018,45,件,死者檢體檢出新興影響精神物質(NPS)的案件。,moj115
nps_related_deaths_2012_2025,2012–2025年法醫檢體檢出NPS相關死亡案件,2019,84,件,死者檢體檢出新興影響精神物質(NPS)的案件。,moj115
nps_related_deaths_2012_2025,2012–2025年法醫檢體檢出NPS相關死亡案件,2020,143,件,死者檢體檢出新興影響精神物質(NPS)的案件。,moj115
nps_related_deaths_2012_2025,2012–2025年法醫檢體檢出NPS相關死亡案件,2021,85,件,死者檢體檢出新興影響精神物質(NPS)的案件。,moj115
nps_related_deaths_2012_2025,2012–2025年法醫檢體檢出NPS相關死亡案件,2022,52,件,死者檢體檢出新興影響精神物質(NPS)的案件。,moj115
nps_related_deaths_2012_2025,2012–2025年法醫檢體檢出NPS相關死亡案件,2023,68,件,死者檢體檢出新興影響精神物質(NPS)的案件。,moj115
nps_related_deaths_2012_2025,2012–2025年法醫檢體檢出NPS相關死亡案件,2024,77,件,死者檢體檢出新興影響精神物質(NPS)的案件。,moj115
nps_related_deaths_2012_2025,2012–2025年法醫檢體檢出NPS相關死亡案件,2025,151,件,死者檢體檢出新興影響精神物質(NPS)的案件。,moj115
medical_heroin,醫療院所通報：海洛因,2015,11697,人次（藥物品項）,醫療通報接觸到的個案及其藥物品項，不是一般人口隨機抽樣。 報告中的藥物百分比以通報個案件數為分母，因此同人多藥可合計超過100%；本資料只列原始數值,fda2025medical
medical_heroin,醫療院所通報：海洛因,2016,14036,人次（藥物品項）,醫療通報接觸到的個案及其藥物品項，不是一般人口隨機抽樣。 報告中的藥物百分比以通報個案件數為分母，因此同人多藥可合計超過100%；本資料只列原始數值,fda2025medical
medical_heroin,醫療院所通報：海洛因,2017,16062,人次（藥物品項）,醫療通報接觸到的個案及其藥物品項，不是一般人口隨機抽樣。 報告中的藥物百分比以通報個案件數為分母，因此同人多藥可合計超過100%；本資料只列原始數值,fda2025medical
medical_heroin,醫療院所通報：海洛因,2018,16565,人次（藥物品項）,醫療通報接觸到的個案及其藥物品項，不是一般人口隨機抽樣。 報告中的藥物百分比以通報個案件數為分母，因此同人多藥可合計超過100%；本資料只列原始數值,fda2025medical
medical_heroin,醫療院所通報：海洛因,2019,16981,人次（藥物品項）,醫療通報接觸到的個案及其藥物品項，不是一般人口隨機抽樣。 報告中的藥物百分比以通報個案件數為分母，因此同人多藥可合計超過100%；本資料只列原始數值,fda2025medical
medical_heroin,醫療院所通報：海洛因,2020,14816,人次（藥物品項）,醫療通報接觸到的個案及其藥物品項，不是一般人口隨機抽樣。 報告中的藥物百分比以通報個案件數為分母，因此同人多藥可合計超過100%；本資料只列原始數值,fda2025medical
medical_heroin,醫療院所通報：海洛因,2021,15574,人次（藥物品項）,醫療通報接觸到的個案及其藥物品項，不是一般人口隨機抽樣。 報告中的藥物百分比以通報個案件數為分母，因此同人多藥可合計超過100%；本資料只列原始數值,fda2025medical
medical_heroin,醫療院所通報：海洛因,2022,7699,人次（藥物品項）,醫療通報接觸到的個案及其藥物品項，不是一般人口隨機抽樣。 報告中的藥物百分比以通報個案件數為分母，因此同人多藥可合計超過100%；本資料只列原始數值,fda2025medical
medical_heroin,醫療院所通報：海洛因,2023,6412,人次（藥物品項）,醫療通報接觸到的個案及其藥物品項，不是一般人口隨機抽樣。 報告中的藥物百分比以通報個案件數為分母，因此同人多藥可合計超過100%；本資料只列原始數值,fda2025medical
medical_heroin,醫療院所通報：海洛因,2024,3986,人次（藥物品項）,醫療通報接觸到的個案及其藥物品項，不是一般人口隨機抽樣。 報告中的藥物百分比以通報個案件數為分母，因此同人多藥可合計超過100%；本資料只列原始數值,fda2025medical
medical_heroin,醫療院所通報：海洛因,2025,3484,人次（藥物品項）,醫療通報接觸到的個案及其藥物品項，不是一般人口隨機抽樣。 報告中的藥物百分比以通報個案件數為分母，因此同人多藥可合計超過100%；本資料只列原始數值,fda2025medical
medical_amphetamine_methamphetamine,醫療院所通報：（甲基）安非他命,2015,5672,人次（藥物品項）,醫療通報接觸到的個案及其藥物品項，不是一般人口隨機抽樣。 報告中的藥物百分比以通報個案件數為分母，因此同人多藥可合計超過100%；本資料只列原始數值,fda2025medical
medical_amphetamine_methamphetamine,醫療院所通報：（甲基）安非他命,2016,6587,人次（藥物品項）,醫療通報接觸到的個案及其藥物品項，不是一般人口隨機抽樣。 報告中的藥物百分比以通報個案件數為分母，因此同人多藥可合計超過100%；本資料只列原始數值,fda2025medical
medical_amphetamine_methamphetamine,醫療院所通報：（甲基）安非他命,2017,8914,人次（藥物品項）,醫療通報接觸到的個案及其藥物品項，不是一般人口隨機抽樣。 報告中的藥物百分比以通報個案件數為分母，因此同人多藥可合計超過100%；本資料只列原始數值,fda2025medical
medical_amphetamine_methamphetamine,醫療院所通報：（甲基）安非他命,2018,13618,人次（藥物品項）,醫療通報接觸到的個案及其藥物品項，不是一般人口隨機抽樣。 報告中的藥物百分比以通報個案件數為分母，因此同人多藥可合計超過100%；本資料只列原始數值,fda2025medical
medical_amphetamine_methamphetamine,醫療院所通報：（甲基）安非他命,2019,13038,人次（藥物品項）,醫療通報接觸到的個案及其藥物品項，不是一般人口隨機抽樣。 報告中的藥物百分比以通報個案件數為分母，因此同人多藥可合計超過100%；本資料只列原始數值,fda2025medical
medical_amphetamine_methamphetamine,醫療院所通報：（甲基）安非他命,2020,10290,人次（藥物品項）,醫療通報接觸到的個案及其藥物品項，不是一般人口隨機抽樣。 報告中的藥物百分比以通報個案件數為分母，因此同人多藥可合計超過100%；本資料只列原始數值,fda2025medical
medical_amphetamine_methamphetamine,醫療院所通報：（甲基）安非他命,2021,12598,人次（藥物品項）,醫療通報接觸到的個案及其藥物品項，不是一般人口隨機抽樣。 報告中的藥物百分比以通報個案件數為分母，因此同人多藥可合計超過100%；本資料只列原始數值,fda2025medical
medical_amphetamine_methamphetamine,醫療院所通報：（甲基）安非他命,2022,5241,人次（藥物品項）,醫療通報接觸到的個案及其藥物品項，不是一般人口隨機抽樣。 報告中的藥物百分比以通報個案件數為分母，因此同人多藥可合計超過100%；本資料只列原始數值,fda2025medical
medical_amphetamine_methamphetamine,醫療院所通報：（甲基）安非他命,2023,5511,人次（藥物品項）,醫療通報接觸到的個案及其藥物品項，不是一般人口隨機抽樣。 報告中的藥物百分比以通報個案件數為分母，因此同人多藥可合計超過100%；本資料只列原始數值,fda2025medical
medical_amphetamine_methamphetamine,醫療院所通報：（甲基）安非他命,2024,4363,人次（藥物品項）,醫療通報接觸到的個案及其藥物品項，不是一般人口隨機抽樣。 報告中的藥物百分比以通報個案件數為分母，因此同人多藥可合計超過100%；本資料只列原始數值,fda2025medical
medical_amphetamine_methamphetamine,醫療院所通報：（甲基）安非他命,2025,4460,人次（藥物品項）,醫療通報接觸到的個案及其藥物品項，不是一般人口隨機抽樣。 報告中的藥物百分比以通報個案件數為分母，因此同人多藥可合計超過100%；本資料只列原始數值,fda2025medical
medical_ketamine,醫療院所通報：愷他命,2015,1556,人次（藥物品項）,醫療通報接觸到的個案及其藥物品項，不是一般人口隨機抽樣。 報告中的藥物百分比以通報個案件數為分母，因此同人多藥可合計超過100%；本資料只列原始數值,fda2025medical
medical_ketamine,醫療院所通報：愷他命,2016,2904,人次（藥物品項）,醫療通報接觸到的個案及其藥物品項，不是一般人口隨機抽樣。 報告中的藥物百分比以通報個案件數為分母，因此同人多藥可合計超過100%；本資料只列原始數值,fda2025medical
medical_ketamine,醫療院所通報：愷他命,2017,1547,人次（藥物品項）,醫療通報接觸到的個案及其藥物品項，不是一般人口隨機抽樣。 報告中的藥物百分比以通報個案件數為分母，因此同人多藥可合計超過100%；本資料只列原始數值,fda2025medical
medical_ketamine,醫療院所通報：愷他命,2018,1796,人次（藥物品項）,醫療通報接觸到的個案及其藥物品項，不是一般人口隨機抽樣。 報告中的藥物百分比以通報個案件數為分母，因此同人多藥可合計超過100%；本資料只列原始數值,fda2025medical
medical_ketamine,醫療院所通報：愷他命,2019,1760,人次（藥物品項）,醫療通報接觸到的個案及其藥物品項，不是一般人口隨機抽樣。 報告中的藥物百分比以通報個案件數為分母，因此同人多藥可合計超過100%；本資料只列原始數值,fda2025medical
medical_ketamine,醫療院所通報：愷他命,2020,921,人次（藥物品項）,醫療通報接觸到的個案及其藥物品項，不是一般人口隨機抽樣。 報告中的藥物百分比以通報個案件數為分母，因此同人多藥可合計超過100%；本資料只列原始數值,fda2025medical
medical_ketamine,醫療院所通報：愷他命,2021,709,人次（藥物品項）,醫療通報接觸到的個案及其藥物品項，不是一般人口隨機抽樣。 報告中的藥物百分比以通報個案件數為分母，因此同人多藥可合計超過100%；本資料只列原始數值,fda2025medical
medical_ketamine,醫療院所通報：愷他命,2022,446,人次（藥物品項）,醫療通報接觸到的個案及其藥物品項，不是一般人口隨機抽樣。 報告中的藥物百分比以通報個案件數為分母，因此同人多藥可合計超過100%；本資料只列原始數值,fda2025medical
medical_ketamine,醫療院所通報：愷他命,2023,506,人次（藥物品項）,醫療通報接觸到的個案及其藥物品項，不是一般人口隨機抽樣。 報告中的藥物百分比以通報個案件數為分母，因此同人多藥可合計超過100%；本資料只列原始數值,fda2025medical
medical_ketamine,醫療院所通報：愷他命,2024,428,人次（藥物品項）,醫療通報接觸到的個案及其藥物品項，不是一般人口隨機抽樣。 報告中的藥物百分比以通報個案件數為分母，因此同人多藥可合計超過100%；本資料只列原始數值,fda2025medical
medical_ketamine,醫療院所通報：愷他命,2025,410,人次（藥物品項）,醫療通報接觸到的個案及其藥物品項，不是一般人口隨機抽樣。 報告中的藥物百分比以通報個案件數為分母，因此同人多藥可合計超過100%；本資料只列原始數值,fda2025medical
medical_cannabis,醫療院所通報：大麻,2015,114,人次（藥物品項）,醫療通報接觸到的個案及其藥物品項，不是一般人口隨機抽樣。 報告中的藥物百分比以通報個案件數為分母，因此同人多藥可合計超過100%；本資料只列原始數值,fda2025medical
medical_cannabis,醫療院所通報：大麻,2016,179,人次（藥物品項）,醫療通報接觸到的個案及其藥物品項，不是一般人口隨機抽樣。 報告中的藥物百分比以通報個案件數為分母，因此同人多藥可合計超過100%；本資料只列原始數值,fda2025medical
medical_cannabis,醫療院所通報：大麻,2017,200,人次（藥物品項）,醫療通報接觸到的個案及其藥物品項，不是一般人口隨機抽樣。 報告中的藥物百分比以通報個案件數為分母，因此同人多藥可合計超過100%；本資料只列原始數值,fda2025medical
medical_cannabis,醫療院所通報：大麻,2018,399,人次（藥物品項）,醫療通報接觸到的個案及其藥物品項，不是一般人口隨機抽樣。 報告中的藥物百分比以通報個案件數為分母，因此同人多藥可合計超過100%；本資料只列原始數值,fda2025medical
medical_cannabis,醫療院所通報：大麻,2019,592,人次（藥物品項）,醫療通報接觸到的個案及其藥物品項，不是一般人口隨機抽樣。 報告中的藥物百分比以通報個案件數為分母，因此同人多藥可合計超過100%；本資料只列原始數值,fda2025medical
medical_cannabis,醫療院所通報：大麻,2020,620,人次（藥物品項）,醫療通報接觸到的個案及其藥物品項，不是一般人口隨機抽樣。 報告中的藥物百分比以通報個案件數為分母，因此同人多藥可合計超過100%；本資料只列原始數值,fda2025medical
medical_cannabis,醫療院所通報：大麻,2021,500,人次（藥物品項）,醫療通報接觸到的個案及其藥物品項，不是一般人口隨機抽樣。 報告中的藥物百分比以通報個案件數為分母，因此同人多藥可合計超過100%；本資料只列原始數值,fda2025medical
medical_cannabis,醫療院所通報：大麻,2022,312,人次（藥物品項）,醫療通報接觸到的個案及其藥物品項，不是一般人口隨機抽樣。 報告中的藥物百分比以通報個案件數為分母，因此同人多藥可合計超過100%；本資料只列原始數值,fda2025medical
medical_cannabis,醫療院所通報：大麻,2023,355,人次（藥物品項）,醫療通報接觸到的個案及其藥物品項，不是一般人口隨機抽樣。 報告中的藥物百分比以通報個案件數為分母，因此同人多藥可合計超過100%；本資料只列原始數值,fda2025medical
medical_cannabis,醫療院所通報：大麻,2024,517,人次（藥物品項）,醫療通報接觸到的個案及其藥物品項，不是一般人口隨機抽樣。 報告中的藥物百分比以通報個案件數為分母，因此同人多藥可合計超過100%；本資料只列原始數值,fda2025medical
medical_cannabis,醫療院所通報：大麻,2025,474,人次（藥物品項）,醫療通報接觸到的個案及其藥物品項，不是一般人口隨機抽樣。 報告中的藥物百分比以通報個案件數為分母，因此同人多藥可合計超過100%；本資料只列原始數值,fda2025medical
medical_mdma,醫療院所通報：MDMA,2015,624,人次（藥物品項）,醫療通報接觸到的個案及其藥物品項，不是一般人口隨機抽樣。 報告中的藥物百分比以通報個案件數為分母，因此同人多藥可合計超過100%；本資料只列原始數值,fda2025medical
medical_mdma,醫療院所通報：MDMA,2016,730,人次（藥物品項）,醫療通報接觸到的個案及其藥物品項，不是一般人口隨機抽樣。 報告中的藥物百分比以通報個案件數為分母，因此同人多藥可合計超過100%；本資料只列原始數值,fda2025medical
medical_mdma,醫療院所通報：MDMA,2017,539,人次（藥物品項）,醫療通報接觸到的個案及其藥物品項，不是一般人口隨機抽樣。 報告中的藥物百分比以通報個案件數為分母，因此同人多藥可合計超過100%；本資料只列原始數值,fda2025medical
medical_mdma,醫療院所通報：MDMA,2018,762,人次（藥物品項）,醫療通報接觸到的個案及其藥物品項，不是一般人口隨機抽樣。 報告中的藥物百分比以通報個案件數為分母，因此同人多藥可合計超過100%；本資料只列原始數值,fda2025medical
medical_mdma,醫療院所通報：MDMA,2019,801,人次（藥物品項）,醫療通報接觸到的個案及其藥物品項，不是一般人口隨機抽樣。 報告中的藥物百分比以通報個案件數為分母，因此同人多藥可合計超過100%；本資料只列原始數值,fda2025medical
medical_mdma,醫療院所通報：MDMA,2020,378,人次（藥物品項）,醫療通報接觸到的個案及其藥物品項，不是一般人口隨機抽樣。 報告中的藥物百分比以通報個案件數為分母，因此同人多藥可合計超過100%；本資料只列原始數值,fda2025medical
medical_mdma,醫療院所通報：MDMA,2021,373,人次（藥物品項）,醫療通報接觸到的個案及其藥物品項，不是一般人口隨機抽樣。 報告中的藥物百分比以通報個案件數為分母，因此同人多藥可合計超過100%；本資料只列原始數值,fda2025medical
medical_mdma,醫療院所通報：MDMA,2022,179,人次（藥物品項）,醫療通報接觸到的個案及其藥物品項，不是一般人口隨機抽樣。 報告中的藥物百分比以通報個案件數為分母，因此同人多藥可合計超過100%；本資料只列原始數值,fda2025medical
medical_mdma,醫療院所通報：MDMA,2023,143,人次（藥物品項）,醫療通報接觸到的個案及其藥物品項，不是一般人口隨機抽樣。 報告中的藥物百分比以通報個案件數為分母，因此同人多藥可合計超過100%；本資料只列原始數值,fda2025medical
medical_mdma,醫療院所通報：MDMA,2024,129,人次（藥物品項）,醫療通報接觸到的個案及其藥物品項，不是一般人口隨機抽樣。 報告中的藥物百分比以通報個案件數為分母，因此同人多藥可合計超過100%；本資料只列原始數值,fda2025medical
medical_mdma,醫療院所通報：MDMA,2025,144,人次（藥物品項）,醫療通報接觸到的個案及其藥物品項，不是一般人口隨機抽樣。 報告中的藥物百分比以通報個案件數為分母，因此同人多藥可合計超過100%；本資料只列原始數值,fda2025medical
medical_benzodiazepines,醫療院所通報：苯二氮平類,2015,611,人次（藥物品項）,醫療通報接觸到的個案及其藥物品項，不是一般人口隨機抽樣。 報告中的藥物百分比以通報個案件數為分母，因此同人多藥可合計超過100%；本資料只列原始數值,fda2025medical
medical_benzodiazepines,醫療院所通報：苯二氮平類,2016,787,人次（藥物品項）,醫療通報接觸到的個案及其藥物品項，不是一般人口隨機抽樣。 報告中的藥物百分比以通報個案件數為分母，因此同人多藥可合計超過100%；本資料只列原始數值,fda2025medical
medical_benzodiazepines,醫療院所通報：苯二氮平類,2017,698,人次（藥物品項）,醫療通報接觸到的個案及其藥物品項，不是一般人口隨機抽樣。 報告中的藥物百分比以通報個案件數為分母，因此同人多藥可合計超過100%；本資料只列原始數值,fda2025medical
medical_benzodiazepines,醫療院所通報：苯二氮平類,2018,317,人次（藥物品項）,醫療通報接觸到的個案及其藥物品項，不是一般人口隨機抽樣。 報告中的藥物百分比以通報個案件數為分母，因此同人多藥可合計超過100%；本資料只列原始數值,fda2025medical
medical_benzodiazepines,醫療院所通報：苯二氮平類,2019,289,人次（藥物品項）,醫療通報接觸到的個案及其藥物品項，不是一般人口隨機抽樣。 報告中的藥物百分比以通報個案件數為分母，因此同人多藥可合計超過100%；本資料只列原始數值,fda2025medical
medical_benzodiazepines,醫療院所通報：苯二氮平類,2020,598,人次（藥物品項）,醫療通報接觸到的個案及其藥物品項，不是一般人口隨機抽樣。 報告中的藥物百分比以通報個案件數為分母，因此同人多藥可合計超過100%；本資料只列原始數值,fda2025medical
medical_benzodiazepines,醫療院所通報：苯二氮平類,2021,1276,人次（藥物品項）,醫療通報接觸到的個案及其藥物品項，不是一般人口隨機抽樣。 報告中的藥物百分比以通報個案件數為分母，因此同人多藥可合計超過100%；本資料只列原始數值,fda2025medical
medical_benzodiazepines,醫療院所通報：苯二氮平類,2022,1433,人次（藥物品項）,醫療通報接觸到的個案及其藥物品項，不是一般人口隨機抽樣。 報告中的藥物百分比以通報個案件數為分母，因此同人多藥可合計超過100%；本資料只列原始數值,fda2025medical
medical_benzodiazepines,醫療院所通報：苯二氮平類,2023,2240,人次（藥物品項）,醫療通報接觸到的個案及其藥物品項，不是一般人口隨機抽樣。 報告中的藥物百分比以通報個案件數為分母，因此同人多藥可合計超過100%；本資料只列原始數值,fda2025medical
medical_benzodiazepines,醫療院所通報：苯二氮平類,2024,1035,人次（藥物品項）,醫療通報接觸到的個案及其藥物品項，不是一般人口隨機抽樣。 報告中的藥物百分比以通報個案件數為分母，因此同人多藥可合計超過100%；本資料只列原始數值,fda2025medical
medical_benzodiazepines,醫療院所通報：苯二氮平類,2025,700,人次（藥物品項）,醫療通報接觸到的個案及其藥物品項，不是一般人口隨機抽樣。 報告中的藥物百分比以通報個案件數為分母，因此同人多藥可合計超過100%；本資料只列原始數值,fda2025medical
medical_case_reports,醫療院所通報：通報個案件數,2015,18399,件,醫療通報接觸到的個案及其藥物品項，不是一般人口隨機抽樣。 報告中的藥物百分比以通報個案件數為分母，因此同人多藥可合計超過100%；本資料只列原始數值,fda2025medical
medical_case_reports,醫療院所通報：通報個案件數,2016,22412,件,醫療通報接觸到的個案及其藥物品項，不是一般人口隨機抽樣。 報告中的藥物百分比以通報個案件數為分母，因此同人多藥可合計超過100%；本資料只列原始數值,fda2025medical
medical_case_reports,醫療院所通報：通報個案件數,2017,26215,件,醫療通報接觸到的個案及其藥物品項，不是一般人口隨機抽樣。 報告中的藥物百分比以通報個案件數為分母，因此同人多藥可合計超過100%；本資料只列原始數值,fda2025medical
medical_case_reports,醫療院所通報：通報個案件數,2018,29597,件,醫療通報接觸到的個案及其藥物品項，不是一般人口隨機抽樣。 報告中的藥物百分比以通報個案件數為分母，因此同人多藥可合計超過100%；本資料只列原始數值,fda2025medical
medical_case_reports,醫療院所通報：通報個案件數,2019,28630,件,醫療通報接觸到的個案及其藥物品項，不是一般人口隨機抽樣。 報告中的藥物百分比以通報個案件數為分母，因此同人多藥可合計超過100%；本資料只列原始數值,fda2025medical
medical_case_reports,醫療院所通報：通報個案件數,2020,25452,件,醫療通報接觸到的個案及其藥物品項，不是一般人口隨機抽樣。 報告中的藥物百分比以通報個案件數為分母，因此同人多藥可合計超過100%；本資料只列原始數值,fda2025medical
medical_case_reports,醫療院所通報：通報個案件數,2021,28785,件,醫療通報接觸到的個案及其藥物品項，不是一般人口隨機抽樣。 報告中的藥物百分比以通報個案件數為分母，因此同人多藥可合計超過100%；本資料只列原始數值,fda2025medical
medical_case_reports,醫療院所通報：通報個案件數,2022,14741,件,醫療通報接觸到的個案及其藥物品項，不是一般人口隨機抽樣。 報告中的藥物百分比以通報個案件數為分母，因此同人多藥可合計超過100%；本資料只列原始數值,fda2025medical
medical_case_reports,醫療院所通報：通報個案件數,2023,12585,件,醫療通報接觸到的個案及其藥物品項，不是一般人口隨機抽樣。 報告中的藥物百分比以通報個案件數為分母，因此同人多藥可合計超過100%；本資料只列原始數值,fda2025medical
medical_case_reports,醫療院所通報：通報個案件數,2024,10233,件,醫療通報接觸到的個案及其藥物品項，不是一般人口隨機抽樣。 報告中的藥物百分比以通報個案件數為分母，因此同人多藥可合計超過100%；本資料只列原始數值,fda2025medical
medical_case_reports,醫療院所通報：通報個案件數,2025,9270,件,醫療通報接觸到的個案及其藥物品項，不是一般人口隨機抽樣。 報告中的藥物百分比以通報個案件數為分母，因此同人多藥可合計超過100%；本資料只列原始數值,fda2025medical
